0,Tiramisu Kitchen
3,OMNI S.F. Hotel - 2nd Floor Pantry
17,OMNI S.F. Hotel - 3rd Floor Pantry
18,OMNI S.F. Hotel - Employee Cafeteria
36,Cafe Madeleine
41,San Francisco Soup Co
42,C & Y Cafe
115,Caffe Ambrosia
301,Starbucks Coffee
414,OMNI S.F. Hotel - Food & Beverage Storeroom
501,B44
505,Cafe Bastille
511,Diller's Delicatessen
513,Starbucks Coffee Company
514,Escape From New York Pizza
515,Cafe Tiramisu
633,Ramzi's Cafe
634,Niji Japanese Grille
797,Peet's Coffee
831,Fountain Cafe
835,Starbucks Coffee
844,OMNI S.F. Hotel - Main Kitchen
845,OMNI S.F. Hotel - Restaurant & Bar
881,Cafe Venue
919,Sam's Grill
1070,Belden Taverna
1073,Lee's Deli
1077,CITY CLUB
1150,Max's Market
1189,San Francisco Soup Company
2126,General Nutrition #302
2607,Brindisi
2842,The Sandwich Co
2881,Andersen Bakery
2951,San Francisco Soup Company
3096,"7-Eleven, Store 2231-33501"
3137,Julia Morgan Ballroom
3291,Chaat Cafe Express
3448,Lee's Deli
3479,Specialty's Cafe & Bakery
3504,Portico IV
3533,Specialty's Cafe & Bakery
3534,Specialty's Cafe & Bakery
3535,Specialty's Cafe & Bakery
3622,Ritz Carlton Club & Residences
3643,Bread and Cocoa
3675,Sushi Umi
3732,Manhattan Hub Inc
3753,Henry's Convenience Store
3802,360 Gourmet Burrito
4136,Pachino Pizzeria
4481,La Fusion
4717,Per Diem
5247,Deli And
